model,grouping,plot,n_trees,n_species,true_kg,pit,point_kg,mean_kg,p25_kg,p10_kg,rule80_kg
"GPR (TC, TH)",block_year,Ahmednagar|Jamkhed|2010.0,17,2,9736.20860314518,0.981,5197.142910085195,6279.9123298168115,5327.717350015001,4753.356631974109,5023.929863853449
"GPR (TC, TH)",block_year,Ahmednagar|Jamkhed|2012.0,23,3,7491.686044412605,0.193,7206.28649449218,8626.661089296274,7700.1077808676,7015.092515795993,6901.32887143702
"GPR (TC, TH)",block_year,Ahmednagar|Jamkhed|2013.0,63,2,15470.023397674498,0.571,12895.17872431428,15315.848293981458,14251.220426296595,13542.84809731922,12252.678635185168
"GPR (TC, TH)",block_year,Ahmednagar|Jamkhed|2016.0,108,3,12590.149666513857,0.502,10584.054821544321,12661.346771496272,11969.265026301962,11408.718109642483,10129.077417197019
"GPR (TC, TH)",block_year,Ahmednagar|Jamkhed|2017.0,10,1,887.804691564982,0.604,739.8102680153477,866.5058044284084,715.0886342075913,626.3580134984493,693.2046435427268
"GPR (TC, TH)",block_year,Ahmednagar|Jamkhed|2022.0,32,1,1027.2094561101003,0.153,987.8967484076144,1170.9793785743086,1076.2648213497694,1004.7611586400723,936.7835028594469
"GPR (TC, TH)",block_year,Ahmednagar|Karjat|2005.0,24,6,610.5318873769268,0.581,507.9562709825539,604.3109377484692,517.2604745935605,467.9807177139829,483.4487501987754
"GPR (TC, TH)",block_year,Ahmednagar|Karjat|2008.0,60,2,2851.253759207521,0.05,3083.7436615592023,3684.6967225425074,3256.788659849701,2991.434995334204,2947.7573780340063
"GPR (TC, TH)",block_year,Ahmednagar|Karjat|2012.0,13,1,1942.5321714193865,0.052,2339.9060153035753,2781.6848293185444,2395.885417983145,2114.953762102005,2225.3478634548355
"GPR (TC, TH)",block_year,Ahmednagar|Karjat|2013.0,38,2,11461.564405868081,0.045,11794.124982192343,13954.306664999818,12869.567919494637,12003.62002352586,11163.445331999856
"GPR (TC, TH)",block_year,Ahmednagar|Karjat|2015.0,10,2,2661.2139102665915,0.482,2315.4506737607253,2762.0698005339864,2336.0950969871,2038.0433074433927,2209.655840427189
"GPR (TC, TH)",block_year,Ahmednagar|Karjat|2016.0,21,2,1612.057747141881,0.921,1005.2376658960252,1191.203579849814,980.9924109943252,882.4953414203137,952.9628638798513
"GPR (TC, TH)",block_year,Ahmednagar|Karjat|2017.0,86,1,4208.452484379969,0.0,5375.436454510671,6369.744773528857,5955.192063470035,5706.11770826004,5095.795818823086
"GPR (TC, TH)",block_year,Ahmednagar|Karjat|2019.0,187,13,7445.941437146914,0.001,7634.786035104554,9127.400938225843,8590.41031408524,8194.894233319996,7301.920750580674
"GPR (TC, TH)",block_year,Ahmednagar|Karjat|2020.0,76,8,2479.785460291399,0.001,2757.920217202514,3268.4145198847987,3041.204411591321,2894.55344217197,2614.731615907839
"GPR (TC, TH)",block_year,Ahmednagar|Parner|2019.0,36,2,2764.0537137182637,0.345,2484.3677745320356,2932.252969886625,2683.365736794217,2497.969500401545,2345.8023759093003
"GPR (TC, TH)",block_year,Ahmednagar|Parner|2020.0,185,3,6135.0794272653175,0.111,5551.55634337602,6707.120277856764,6353.610127069586,6112.491165701019,5365.696222285412
"GPR (TC, TH)",block_year,Ahmednagar|Parner|2022.0,22,2,198.28112442032528,0.0,309.60561387856546,369.33673514367774,330.2890525460945,301.3318607601374,295.4693881149422
"GPR (TC, TH)",block_year,Ahmednagar|Shrigonda|2019.0,21,3,2556.4231714762227,0.958,1636.7215074343742,1953.1732005455965,1744.1503364432187,1596.9695652898238,1562.5385604364774
"GPR (TC, TH)",block_year,Ahmednagar|Shrigonda|2020.0,56,3,2026.6755592869258,0.906,1511.8435772328587,1783.3043339283158,1658.9979120060273,1558.9072950401737,1426.6434671426528
"GPR (TC, TH)",block_year,Ahmednagar|Shrigonda|2021.0,26,3,456.8644492757288,0.424,397.0266203882657,470.96410384943755,423.7824543794695,388.1638882111644,376.7712830795501
"GPR (TC, TH)",block_year,Ahmednagar|Shrigonda|2022.0,14,1,362.6048146980988,0.021,475.9304197423954,565.1377555778313,482.89384342695104,422.7496245566803,452.1102044622651
"GPR (TC, TH)",block_year,Beed|Patoda|2010.0,13,2,4448.469198703821,0.784,3255.1533394916196,3908.7604655440223,3352.1118777617194,2971.306278093129,3127.008372435218
"GPR (TC, TH)",block_year,Pune|Shirur|2012.0,24,3,9318.730498149585,0.358,8417.212977265675,10108.794259143951,8799.970349551038,8039.121107436366,8087.035407315161
"GPR (TC, TH)",block_year,Pune|Shirur|2019.0,11,1,3001.496509919462,0.67,2406.136824006062,2824.8009249107545,2428.5165588710906,2161.4276365315545,2259.840739928604
"GPR (TC, TH)",block_year,Pune|Shirur|2020.0,32,3,1277.0745626529317,0.163,1252.279229935697,1498.585928268845,1340.693967000691,1227.4575249953325,1198.8687426150761
"GPR (TC, TH)",latlon3,18.531_75.189,35,1,854.0102661760342,0.0,1339.1328889933068,1593.8300390395284,1469.3845382786255,1365.9470080456615,1275.0640312316227
"GPR (TC, TH)",latlon3,18.562_75.134,23,2,7563.201455264487,0.204,7314.166657545406,8656.307616330052,7742.744411806914,7117.560895414292,6925.046093064042
"GPR (TC, TH)",latlon3,18.563_74.986,23,1,365.8105216278953,0.046,401.01188499553916,474.6122675097712,422.5286863294782,388.08187930030886,379.68981400781695
"GPR (TC, TH)",latlon3,18.571_75.284,20,3,3607.788974194035,0.466,3107.303536405578,3767.961471015323,3258.7500797379516,2937.585595140197,3014.3691768122585
"GPR (TC, TH)",latlon3,18.571_75.285,12,2,929.6035753667696,0.377,896.9845866168677,1075.6501070757042,854.8491834321009,743.1221600707898,860.5200856605634
"GPR (TC, TH)",latlon3,18.572_75.285,11,1,343.1617763569914,0.543,290.4263354663534,341.49055668554456,295.9407021894163,261.92623518072014,273.1924453484357
"GPR (TC, TH)",latlon3,18.633_75.103,14,1,1158.1959891724655,0.048,1314.0628075515895,1567.9199992271797,1365.318333759341,1216.3268788604544,1254.335999381744
"GPR (TC, TH)",latlon3,18.634_75.103,22,1,1865.7676021577174,0.017,2142.8056078972,2524.864612581906,2253.606136995294,2042.894699902213,2019.891690065525
"GPR (TC, TH)",latlon3,18.634_75.106,20,1,463.7354853540512,0.444,402.12545039837255,476.33854912001203,426.11569428499376,384.2817622224536,381.07083929600964
"GPR (TC, TH)",latlon3,18.638_75.019,21,1,578.8458021028283,0.092,587.4421033895009,699.3956118877389,633.0676502168913,581.4973279928992,559.5164895101911
"GPR (TC, TH)",latlon3,18.639_75.019,50,1,1340.239149084062,0.004,1446.1537142855923,1705.6991254047027,1595.314707506504,1515.4889244869992,1364.5593003237623
"GPR (TC, TH)",latlon3,18.693_74.925,20,2,1468.5667564120688,0.454,1279.0606021116064,1515.6825103796004,1354.3019768376794,1248.3029600386676,1212.5460083036803
"GPR (TC, TH)",latlon3,18.694_74.926,10,1,121.73649362955447,0.005,173.00884770740572,205.07436634308584,174.19820679307185,154.35765953667757,164.0594930744687
"GPR (TC, TH)",latlon3,18.739_74.105,23,3,9133.133267414136,0.37,8198.883953282026,9849.675331248709,8547.050062488057,7780.24825182703,7879.740264998967
"GPR (TC, TH)",latlon3,18.746_74.965,48,9,1423.7967731077797,0.047,1467.3742624590657,1743.4891785214775,1584.6629337952513,1485.8386230445722,1394.791342817182
"GPR (TC, TH)",latlon3,18.746_74.966,36,6,1204.058200776789,0.169,1180.8692941010577,1469.7317784396155,1250.9167218357184,1155.0771811473978,1175.7854227516925
"GPR (TC, TH)",latlon3,18.747_74.965,31,9,1284.736502811729,0.0,2102.5810789825764,2503.689743628661,2203.32974479743,2001.7408534405656,2002.9517949029287
"GPR (TC, TH)",latlon3,18.747_74.966,22,5,427.3330666282524,0.04,512.7130848403726,619.0451470258422,516.6506488306774,465.1203850309044,495.2361176206738
"GPR (TC, TH)",latlon3,18.753_75.294,12,1,1862.4487977149363,0.387,1710.074796637558,2029.7398129456049,1717.7116330053475,1530.773522462298,1623.791850356484
"GPR (TC, TH)",latlon3,18.753_75.296,10,1,2677.8358911871205,0.785,1970.6512142112351,2311.821650883861,1940.5863724971757,1714.3201546356313,1849.457320707089
"GPR (TC, TH)",latlon3,18.753_75.297,22,2,6047.174795640479,0.477,5224.798764936528,6240.832961121,5475.332526871449,4955.85421729164,4992.6663688968
"GPR (TC, TH)",latlon3,18.758_75.307,42,1,3546.346508990808,0.666,2870.1056239247923,3401.6007062377944,3108.7388820876486,2901.675201921118,2721.2805649902357
"GPR (TC, TH)",latlon3,18.758_75.308,42,1,3651.72500976266,0.181,3434.2095934262757,4078.4798484397443,3753.385867841189,3524.0531727277244,3262.783878751796
"GPR (TC, TH)",latlon3,18.758_75.309,11,1,998.2761042504515,0.576,845.6198073665807,999.9193148038711,822.4268170921634,717.462455018874,799.9354518430969
"GPR (TC, TH)",latlon3,18.773_74.446,13,1,307.23996663442676,0.391,281.04926714961255,332.98411418027604,287.22424521151845,258.2786796194359,266.38729134422084
"GPR (TC, TH)",latlon3,18.78_74.074,14,1,865.8364013933144,0.904,576.1986256830684,686.5422069360565,593.1883500125874,528.4953778251536,549.2337655488452
"GPR (TC, TH)",latlon3,18.817_74.46,10,1,353.7128086150371,0.992,178.7583774795897,211.93357296794136,180.66831844333174,158.99657798100415,169.5468583743531
"GPR (TC, TH)",latlon3,18.835_74.415,17,1,402.4914759299873,0.026,500.4336320161988,593.4858327740815,509.7380687852979,459.14289616828745,474.7886662192652
"GPR (TC, TH)",latlon3,18.848_74.455,18,1,456.2167644035289,0.391,410.6913964574963,486.16492465029853,428.9549296586272,389.68036387857876,388.93193972023886
"GPR (TC, TH)",latlon3,18.849_74.454,19,1,781.1106833985062,0.198,773.258721154143,919.6033300541727,804.7990872979649,724.5869037144148,735.6826640433383
"GPR (TC, TH)",latlon3,18.849_74.455,37,1,1698.8705244904327,0.301,1520.9699033097427,1930.69539341006,1657.4882891152306,1537.803522022429,1544.5563147280482
"GPR (TC, TH)",latlon3,18.873_74.425,66,3,1627.7403106383229,0.046,1597.629757226375,1897.4423135183556,1775.2325355094472,1683.7747840376371,1517.9538508146845
"GPR (TC, TH)",latlon3,18.874_74.425,31,1,1131.6423077803815,0.848,858.4744523422218,1014.5467144399737,931.4477177806108,871.7991341472238,811.637371551979
"GPR (TC, TH)",latlon3,18.874_74.426,11,1,356.90227150554057,0.666,281.58439105051406,332.6708972961883,284.4755243877363,252.81211176236113,266.13671783695065
"GPR (TC, TH)",latlon3,18.896_75.281,11,2,3964.891800739626,0.784,2843.888752887095,3434.184381123795,2863.4261616068898,2526.6239060658727,2747.3475048990363
"GPR (TC, TH)",latlon3,18.905_74.432,10,1,171.464159058076,0.09,200.87847267549938,236.98501191596873,195.8485574868809,173.43652431823426,189.588009532775
"GPR (TC, TH)",latlon3,18.907_74.432,31,1,2720.371438971539,0.515,2318.314876491784,2736.4099310701863,2487.7472504541993,2308.7212105556478,2189.127944856149
"GPR (TC, TH)",latlon3,18.941_74.411,16,2,121.71120435500008,0.0,245.79136274433944,291.4470869084076,257.84188139293053,230.88563609197732,233.15766952672607
"GPR (TC, TH)",latlon3,20.127_79.995,10,3,10657.745183576137,0.61,8380.232501763108,10348.99752548955,8506.360931367724,7383.522665497267,8279.198020391641
A0: drone + district (species pooled),block_year,Ahmednagar|Jamkhed|2010.0,17,2,9736.20860314518,0.911,6137.94842329301,7366.164542309289,6148.44706969019,5309.852206214313,5892.931633847431
A0: drone + district (species pooled),block_year,Ahmednagar|Jamkhed|2012.0,23,3,7491.686044412605,0.189,7329.462566945608,8795.914456181501,7737.640115200478,7038.170323871685,7036.731564945201
A0: drone + district (species pooled),block_year,Ahmednagar|Jamkhed|2013.0,63,2,15470.023397674498,0.783,11990.367633594175,14329.355511825319,13165.23245104656,12444.240548624077,11463.484409460256
A0: drone + district (species pooled),block_year,Ahmednagar|Jamkhed|2016.0,108,3,12590.149666513857,0.944,9102.793205271098,10885.7070243074,10219.517852107532,9733.341499084112,8708.56561944592
A0: drone + district (species pooled),block_year,Ahmednagar|Jamkhed|2017.0,10,1,887.804691564982,0.841,598.1942691350208,720.9086121614008,595.1410634483018,522.9094349051315,576.7268897291207
A0: drone + district (species pooled),block_year,Ahmednagar|Jamkhed|2022.0,32,1,1027.2094561101003,0.017,1131.3666273661806,1348.6182774441393,1238.9148412715067,1148.5499533999825,1078.8946219553115
A0: drone + district (species pooled),block_year,Ahmednagar|Karjat|2005.0,24,6,610.5318873769268,0.633,494.5604291273625,595.7050178690138,504.8002110471682,455.6292676202384,476.56401429521105
A0: drone + district (species pooled),block_year,Ahmednagar|Karjat|2008.0,60,2,2851.253759207521,0.145,2831.582843594847,3351.6502075400454,2985.499477938625,2765.76221259272,2681.3201660320365
A0: drone + district (species pooled),block_year,Ahmednagar|Karjat|2012.0,13,1,1942.5321714193865,0.158,2033.5287643627232,2423.549939642973,2084.94923326999,1824.9009026221852,1938.8399517143787
A0: drone + district (species pooled),block_year,Ahmednagar|Karjat|2013.0,38,2,11461.564405868081,0.045,11642.08410884945,13945.2175909033,12787.773300742161,11957.18941998192,11156.17407272264
A0: drone + district (species pooled),block_year,Ahmednagar|Karjat|2015.0,10,2,2661.2139102665915,0.706,2015.217301908617,2434.859815819818,2030.8940065238164,1789.238780260227,1947.8878526558544
A0: drone + district (species pooled),block_year,Ahmednagar|Karjat|2016.0,21,2,1612.057747141881,0.861,1037.9757909120954,1255.9078937005893,1016.1782014772228,903.8424939904811,1004.7263149604714
A0: drone + district (species pooled),block_year,Ahmednagar|Karjat|2017.0,86,1,4208.452484379969,0.0,5777.531633493217,6907.331562681757,6541.186267011613,6241.666918499279,5525.865250145405
A0: drone + district (species pooled),block_year,Ahmednagar|Karjat|2019.0,187,13,7445.941437146914,0.012,7378.876290953509,8854.028546438954,8348.811907689615,7955.942374998002,7083.222837151164
A0: drone + district (species pooled),block_year,Ahmednagar|Karjat|2020.0,76,8,2479.785460291399,0.0,2840.349799141763,3405.010338664369,3162.4502025753854,2988.934628881252,2724.0082709314956
A0: drone + district (species pooled),block_year,Ahmednagar|Parner|2019.0,36,2,2764.0537137182637,0.768,2126.5208850375334,2548.623061835263,2320.058706278998,2156.8717772116147,2038.8984494682104
A0: drone + district (species pooled),block_year,Ahmednagar|Parner|2020.0,185,3,6135.0794272653175,0.001,6061.026734940773,7255.873129285475,6939.119431776,6690.8300978805955,5804.698503428381
A0: drone + district (species pooled),block_year,Ahmednagar|Parner|2022.0,22,2,198.28112442032528,0.0,298.66844630167685,357.6487496259891,319.30108400981476,290.5714895542353,286.11899970079133
A0: drone + district (species pooled),block_year,Ahmednagar|Shrigonda|2019.0,21,3,2556.4231714762227,0.993,1430.0533408083866,1705.8456260444586,1523.906912292823,1384.7151288711098,1364.676500835567
A0: drone + district (species pooled),block_year,Ahmednagar|Shrigonda|2020.0,56,3,2026.6755592869258,0.733,1599.6314542095565,1916.6622690000909,1774.392196569158,1680.9966833384633,1533.3298152000727
A0: drone + district (species pooled),block_year,Ahmednagar|Shrigonda|2021.0,26,3,456.8644492757288,0.292,419.485239563519,499.8164282409034,448.3075423579451,414.9184687693725,399.85314259272275
A0: drone + district (species pooled),block_year,Ahmednagar|Shrigonda|2022.0,14,1,362.6048146980988,0.047,438.30200555756494,527.1811473547497,449.4747524781778,393.71064527666596,421.74491788379976
A0: drone + district (species pooled),block_year,Beed|Patoda|2010.0,13,2,4448.469198703821,0.047,5663.558757979523,6858.538776809734,5569.6738586226475,4855.039691677341,5486.831021447788
A0: drone + district (species pooled),block_year,Pune|Shirur|2012.0,24,3,9318.730498149585,0.026,11277.99793837715,13478.198532103088,11587.26462226165,10361.15944372431,10782.55882568247
A0: drone + district (species pooled),block_year,Pune|Shirur|2019.0,11,1,3001.496509919462,0.415,2702.8447959051186,3226.5147199059306,2759.632376290509,2457.4594989844213,2581.211775924745
A0: drone + district (species pooled),block_year,Pune|Shirur|2020.0,32,3,1277.0745626529317,0.0,1670.0176786732566,1992.4165353241506,1784.7461822939986,1630.9763936629527,1593.9332282593205
A0: drone + district (species pooled),latlon3,18.531_75.189,35,1,854.0102661760342,0.0,1630.5522635656623,1950.9341436891643,1797.7486664112243,1677.6841528606187,1560.7473149513316
A0: drone + district (species pooled),latlon3,18.562_75.134,23,2,7563.201455264487,0.168,7367.6180589464075,8791.628464175086,7865.757286836938,7186.862204132344,7033.30277134007
A0: drone + district (species pooled),latlon3,18.563_74.986,23,1,365.8105216278953,0.026,411.00949013069004,493.1457205155564,439.5234422071534,400.72655157580164,394.51657641244515
A0: drone + district (species pooled),latlon3,18.571_75.284,20,3,3607.788974194035,0.511,3070.425209385181,3681.128508388957,3165.5678824212446,2848.551219914865,2944.902806711166
A0: drone + district (species pooled),latlon3,18.571_75.285,12,2,929.6035753667696,0.406,863.8794827262593,1033.2781540597143,843.3029680551133,735.8476359736809,826.6225232477715
A0: drone + district (species pooled),latlon3,18.572_75.285,11,1,343.1617763569914,0.318,321.06689469914943,383.4139942151792,328.4965099676661,288.28320539220937,306.73119537214336
A0: drone + district (species pooled),latlon3,18.633_75.103,14,1,1158.1959891724655,0.05,1303.4215069237177,1555.1099251075736,1372.3893273753915,1235.4884533745012,1244.087940086059
A0: drone + district (species pooled),latlon3,18.634_75.103,22,1,1865.7676021577174,0.024,2095.1021408546776,2502.766486624516,2258.0750242230206,2061.45868644411,2002.2131892996128
A0: drone + district (species pooled),latlon3,18.634_75.106,20,1,463.7354853540512,0.656,372.1996078658926,444.4633948712695,394.1852687640194,359.50328561727656,355.5707158970156
A0: drone + district (species pooled),latlon3,18.638_75.019,21,1,578.8458021028283,0.188,561.6132024167334,671.9367270237273,599.0199237083889,547.7232444989586,537.5493816189818
A0: drone + district (species pooled),latlon3,18.639_75.019,50,1,1340.239149084062,0.008,1416.2168287826307,1704.9132858254345,1580.5792777690901,1485.0182285206793,1363.9306286603478
A0: drone + district (species pooled),latlon3,18.693_74.925,20,2,1468.5667564120688,0.389,1304.2692296873997,1558.7704416886427,1385.4764781615409,1266.210592653138,1247.0163533509142
A0: drone + district (species pooled),latlon3,18.694_74.926,10,1,121.73649362955447,0.003,189.4209108460871,224.67297111097886,189.2028127884099,168.27641621541775,179.7383768887831
A0: drone + district (species pooled),latlon3,18.739_74.105,23,3,9133.133267414136,0.025,11042.680572815449,13200.174136894788,11313.048240822425,10120.759078146582,10560.139309515831
A0: drone + district (species pooled),latlon3,18.746_74.965,48,9,1423.7967731077797,0.103,1391.981494358944,1668.432643838485,1528.9421522375274,1421.082910951111,1334.7461150707882
A0: drone + district (species pooled),latlon3,18.746_74.966,36,6,1204.058200776789,0.06,1267.678571905489,1509.162092427491,1344.1969402558539,1243.4683386372424,1207.3296739419927
A0: drone + district (species pooled),latlon3,18.747_74.965,31,9,1284.736502811729,0.0,2028.3058093264858,2428.31680526384,2142.1554285995003,1949.718192219111,1942.653444211072
A0: drone + district (species pooled),latlon3,18.747_74.966,22,5,427.3330666282524,0.007,631.5433599393211,754.7755118302449,629.3028500356156,553.846319459841,603.8204094641959
A0: drone + district (species pooled),latlon3,18.753_75.294,12,1,1862.4487977149363,0.597,1514.0591393670823,1819.2725528606188,1525.2511065886279,1354.764667066143,1455.4180422884951
A0: drone + district (species pooled),latlon3,18.753_75.296,10,1,2677.8358911871205,0.908,1710.6123940393154,2040.1959233450918,1683.240088240832,1472.413382195324,1632.1567386760735
A0: drone + district (species pooled),latlon3,18.753_75.297,22,2,6047.174795640479,0.537,5160.450471832771,6148.4991960377565,5288.048899479898,4737.852991071994,4918.799356830205
A0: drone + district (species pooled),latlon3,18.758_75.307,42,1,3546.346508990808,0.978,2346.1719518239925,2793.882374947593,2557.9580239866764,2377.7791523839755,2235.105899958074
A0: drone + district (species pooled),latlon3,18.758_75.308,42,1,3651.72500976266,0.882,2695.3421090034876,3217.1302696946227,2972.09814965465,2772.5310460473156,2573.7042157556984
A0: drone + district (species pooled),latlon3,18.758_75.309,11,1,998.2761042504515,0.769,709.8283125658323,856.2590208542197,690.6392081166439,601.5619958664925,685.0072166833758
A0: drone + district (species pooled),latlon3,18.773_74.446,13,1,307.23996663442676,0.236,301.9125701765027,361.56715657900054,309.14378371486083,277.92377384854666,289.25372526320047
A0: drone + district (species pooled),latlon3,18.78_74.074,14,1,865.8364013933144,0.41,773.3918125724243,921.6938076165768,795.2109545198964,704.5536913898025,737.3550460932615
A0: drone + district (species pooled),latlon3,18.817_74.46,10,1,353.7128086150371,0.971,200.40102851447924,238.7828588388199,201.59460047115428,177.22468142355086,191.02628707105592
A0: drone + district (species pooled),latlon3,18.835_74.415,17,1,402.4914759299873,0.018,488.3508403537042,585.2267723957971,504.58821368370945,458.643886665132,468.18141791663766
A0: drone + district (species pooled),latlon3,18.848_74.455,18,1,456.2167644035289,0.322,424.6400267155971,508.30900765870445,441.1650070916932,402.19024941149945,406.64720612696357
A0: drone + district (species pooled),latlon3,18.849_74.454,19,1,781.1106833985062,0.07,850.598650037658,1014.4699991991187,887.0702310832469,811.8063082289781,811.575999359295
A0: drone + district (species pooled),latlon3,18.849_74.455,37,1,1698.8705244904327,0.029,1842.1461594451062,2215.346815219191,1986.7534483573609,1841.0066530656632,1772.2774521753527
A0: drone + district (species pooled),latlon3,18.873_74.425,66,3,1627.7403106383229,0.014,1660.6100031549158,1982.813521754585,1860.5029438863176,1769.1601151665284,1586.2508174036682
A0: drone + district (species pooled),latlon3,18.874_74.425,31,1,1131.6423077803815,0.796,860.7903557575044,1028.5197973294287,936.3349288792557,865.9702045025327,822.815837863543
A0: drone + district (species pooled),latlon3,18.874_74.426,11,1,356.90227150554057,0.606,286.02663256924546,344.66542433981516,294.23569882960487,260.3873076436893,275.73233947185213
A0: drone + district (species pooled),latlon3,18.896_75.281,11,2,3964.891800739626,0.083,4825.284899670195,5854.316413762291,4654.62118928805,4092.0068086803426,4683.453131009833
A0: drone + district (species pooled),latlon3,18.905_74.432,10,1,171.464159058076,0.042,222.49889774750508,264.81724708381535,218.12218436331133,191.45824065670226,211.85379766705228
A0: drone + district (species pooled),latlon3,18.907_74.432,31,1,2720.371438971539,0.868,1979.1983538370027,2372.7048072117377,2138.7864058953546,1991.6327055684674,1898.1638457693903
A0: drone + district (species pooled),latlon3,18.941_74.411,16,2,121.71120435500008,0.0,268.04248444722106,318.812095081985,279.91855587506177,255.59016702919746,255.049676065588
A0: drone + district (species pooled),latlon3,20.127_79.995,10,3,10657.745183576137,0.973,5850.186625571414,6991.647770793801,5827.455571414233,5150.916923784632,5593.318216635042
"A1: + species ID, no district",block_year,Ahmednagar|Jamkhed|2010.0,17,2,9736.20860314518,0.933,6103.770177890615,7341.638028405412,6242.820288355636,5426.17608477055,5873.31042272433
"A1: + species ID, no district",block_year,Ahmednagar|Jamkhed|2012.0,23,3,7491.686044412605,0.48,6427.216079129841,7672.385589785587,6916.6110576435685,6343.017582785619,6137.90847182847
"A1: + species ID, no district",block_year,Ahmednagar|Jamkhed|2013.0,63,2,15470.023397674498,0.235,13936.371146506917,16913.857917600908,15529.063933509864,14637.752394582241,13531.086334080726
"A1: + species ID, no district",block_year,Ahmednagar|Jamkhed|2016.0,108,3,12590.149666513857,0.474,10853.610442338504,12701.363441103513,12000.018968521677,11465.500256923578,10161.09075288281
"A1: + species ID, no district",block_year,Ahmednagar|Jamkhed|2017.0,10,1,887.804691564982,0.565,752.4503666540988,881.1169130070615,745.0208389060082,669.6113008436594,704.8935304056492
"A1: + species ID, no district",block_year,Ahmednagar|Jamkhed|2022.0,32,1,1027.2094561101003,0.225,989.1908003002147,1102.3750266260122,1032.8610360582993,974.5195329344986,881.9000213008098
"A1: + species ID, no district",block_year,Ahmednagar|Karjat|2005.0,24,6,610.5318873769268,0.855,441.342302117377,524.4583182035084,464.96026072757707,426.5761859712154,419.5666545628067
"A1: + species ID, no district",block_year,Ahmednagar|Karjat|2008.0,60,2,2851.253759207521,0.242,2810.1574913976306,3231.658683308704,2864.785775371585,2653.5821597182326,2585.3269466469633
"A1: + species ID, no district",block_year,Ahmednagar|Karjat|2012.0,13,1,1942.5321714193865,0.022,2486.8516441297115,2969.6154110997727,2549.4269246646686,2262.9200223547,2375.6923288798184
"A1: + species ID, no district",block_year,Ahmednagar|Karjat|2013.0,38,2,11461.564405868081,0.038,11785.49316434873,14111.303755880717,12936.63992251681,11975.746646466894,11289.043004704574
"A1: + species ID, no district",block_year,Ahmednagar|Karjat|2015.0,10,2,2661.2139102665915,0.373,2409.8319298520273,2934.303356132963,2445.960822450796,2135.83316923312,2347.4426849063707
"A1: + species ID, no district",block_year,Ahmednagar|Karjat|2016.0,21,2,1612.057747141881,0.837,1069.1220167448992,1248.4567601349318,966.1258893416891,853.6031514227109,998.7654081079454
"A1: + species ID, no district",block_year,Ahmednagar|Karjat|2017.0,86,1,4208.452484379969,0.0,4997.083710284,5583.076766659083,5349.923411245027,5156.91702838484,4466.461413327266
"A1: + species ID, no district",block_year,Ahmednagar|Karjat|2019.0,187,13,7445.941437146914,0.812,6066.415822634403,7035.058612212552,6687.146487705788,6436.672941429027,5628.046889770042
"A1: + species ID, no district",block_year,Ahmednagar|Karjat|2020.0,76,8,2479.785460291399,0.097,2477.6542570230126,2845.651655934839,2624.3697780534885,2483.656959364603,2276.521324747871
"A1: + species ID, no district",block_year,Ahmednagar|Parner|2019.0,36,2,2764.0537137182637,0.116,2737.064759240547,3181.493530528923,2925.118526506164,2735.030463304713,2545.194824423139
"A1: + species ID, no district",block_year,Ahmednagar|Parner|2020.0,185,3,6135.0794272653175,0.0,6855.934968982003,8112.103978445716,7575.105342826715,7277.86050353303,6489.683182756573
"A1: + species ID, no district",block_year,Ahmednagar|Parner|2022.0,22,2,198.28112442032528,0.0,327.77798559433893,397.29170838452586,350.69649690706547,316.0955903821988,317.8333667076207
"A1: + species ID, no district",block_year,Ahmednagar|Shrigonda|2019.0,21,3,2556.4231714762227,0.947,1710.4225832089849,1998.2866107933485,1779.4422004276535,1637.9095871652482,1598.629288634679
"A1: + species ID, no district",block_year,Ahmednagar|Shrigonda|2020.0,56,3,2026.6755592869258,0.253,1826.9136786037952,2205.029742280498,2024.4772259755662,1899.577779256231,1764.0237938243984
"A1: + species ID, no district",block_year,Ahmednagar|Shrigonda|2021.0,26,3,456.8644492757288,0.095,475.2874877721554,564.8407723022605,502.90815861554904,458.2178165440522,451.8726178418084
"A1: + species ID, no district",block_year,Ahmednagar|Shrigonda|2022.0,14,1,362.6048146980988,0.006,530.4307556814285,650.5027233485678,552.5172720942638,476.1091034358298,520.4021786788543
"A1: + species ID, no district",block_year,Beed|Patoda|2010.0,13,2,4448.469198703821,0.218,4588.505451998316,5556.211914922354,4538.063755773867,4017.9885603548382,4444.969531937883
"A1: + species ID, no district",block_year,Pune|Shirur|2012.0,24,3,9318.730498149585,0.204,9759.199264436716,11623.853289917663,9662.82198851848,8578.589166987978,9299.08263193413
"A1: + species ID, no district",block_year,Pune|Shirur|2019.0,11,1,3001.496509919462,0.348,2738.4020615341265,3320.8382136849027,2813.0345611170974,2483.091980041393,2656.6705709479224
"A1: + species ID, no district",block_year,Pune|Shirur|2020.0,32,3,1277.0745626529317,0.107,1280.6269768800562,1538.4439720509047,1376.1901919000375,1276.1631075433636,1230.7551776407238
"A1: + species ID, no district",latlon3,18.531_75.189,35,1,854.0102661760342,0.0,1455.7087002534477,1627.124751772018,1531.8239141798804,1450.6685352880834,1301.6998014176145
"A1: + species ID, no district",latlon3,18.562_75.134,23,2,7563.201455264487,0.19,7306.079362657915,8713.60805349968,7760.093680855347,7181.809557024414,6970.886442799744
"A1: + species ID, no district",latlon3,18.563_74.986,23,1,365.8105216278953,0.119,365.5115127447104,440.6714164381615,395.9241926437576,359.6627726228834,352.5371331505292
"A1: + species ID, no district",latlon3,18.571_75.284,20,3,3607.788974194035,0.383,3271.4632584542464,3876.6952689783498,3376.5853139198734,3106.4862733790387,3101.35621518268
"A1: + species ID, no district",latlon3,18.571_75.285,12,2,929.6035753667696,0.44,875.7279861841312,1021.5450300014115,814.7149723846143,711.4689211696709,817.2360240011293
"A1: + species ID, no district",latlon3,18.572_75.285,11,1,343.1617763569914,0.766,278.39287646865563,310.24867239413214,276.22753213831356,251.02513430503376,248.19893791530572
"A1: + species ID, no district",latlon3,18.633_75.103,14,1,1158.1959891724655,0.334,1104.0385989294261,1233.0157292476645,1120.5433759496834,1030.99048636991,986.4125833981316
"A1: + species ID, no district",latlon3,18.634_75.103,22,1,1865.7676021577174,0.335,1764.9969542014103,1969.824410324385,1821.8097625238263,1692.3320389248317,1575.8595282595081
"A1: + species ID, no district",latlon3,18.634_75.106,20,1,463.7354853540512,0.918,354.24433623809017,395.4372953031797,361.02271861806105,336.1847897663746,316.3498362425438
"A1: + species ID, no district",latlon3,18.638_75.019,21,1,578.8458021028283,0.421,532.4193416712313,595.1921967832016,548.9892008728139,510.1864628236697,476.15375742656124
"A1: + species ID, no district",latlon3,18.639_75.019,50,1,1340.239149084062,0.094,1329.2850903407666,1490.4282804741097,1406.4876039459482,1344.7477777057215,1192.3426243792878
"A1: + species ID, no district",latlon3,18.693_74.925,20,2,1468.5667564120688,0.419,1343.751117474516,1567.662498103101,1362.2310109666998,1233.3616492443614,1254.129998482481
"A1: + species ID, no district",latlon3,18.694_74.926,10,1,121.73649362955447,0.005,164.56663008425272,182.74440617469205,161.10341815416817,146.50875147582957,146.19552493975365
"A1: + species ID, no district",latlon3,18.739_74.105,23,3,9133.133267414136,0.2,9619.468171546187,11470.016327096395,9527.466277080055,8424.70749796528,9176.013061677117
"A1: + species ID, no district",latlon3,18.746_74.965,48,9,1423.7967731077797,0.52,1231.2818026418574,1422.049402066369,1322.8088103824693,1253.9854768978205,1137.6395216530952
"A1: + species ID, no district",latlon3,18.746_74.966,36,6,1204.058200776789,0.417,1078.1495294846675,1245.2786482532383,1138.1280328738856,1053.2938600612829,996.2229186025907
"A1: + species ID, no district",latlon3,18.747_74.965,31,9,1284.736502811729,0.275,1222.4439087803519,1381.528722611453,1275.1522782090112,1199.8854980205383,1105.2229780891626
"A1: + species ID, no district",latlon3,18.747_74.966,22,5,427.3330666282524,0.499,372.37410580194216,435.21736613367824,389.7399110420125,358.2152028859038,348.1738929069426
"A1: + species ID, no district",latlon3,18.753_75.294,12,1,1862.4487977149363,0.215,1888.288839764121,2306.4508774323817,1918.2627440568654,1686.6044393518505,1845.1607019459054
"A1: + species ID, no district",latlon3,18.753_75.296,10,1,2677.8358911871205,0.574,2175.4358372637967,2646.438940707628,2158.509687055389,1885.032800000371,2117.151152566102
"A1: + species ID, no district",latlon3,18.753_75.297,22,2,6047.174795640479,0.443,5228.5748745308865,6290.708628257449,5507.788925126747,5002.236950176882,5032.5669026059595
"A1: + species ID, no district",latlon3,18.758_75.307,42,1,3546.346508990808,0.668,2943.4332071174854,3402.477185996588,3142.795387874375,2940.326093880274,2721.9817487972705
"A1: + species ID, no district",latlon3,18.758_75.308,42,1,3651.72500976266,0.232,3426.5814134314487,3958.734657084843,3666.8601221705067,3472.0595186828846,3166.9877256678747
"A1: + species ID, no district",latlon3,18.758_75.309,11,1,998.2761042504515,0.604,825.383070271455,967.8534624130358,815.9874345454303,724.0817621415077,774.2827699304287
"A1: + species ID, no district",latlon3,18.773_74.446,13,1,307.23996663442676,0.157,318.56987139002115,387.2327454416057,326.1289592115105,291.9843879663977,309.7861963532846
"A1: + species ID, no district",latlon3,18.78_74.074,14,1,865.8364013933144,0.545,712.3167845499569,860.7996685183214,735.8627791039976,650.2366610923013,688.6397348146571
"A1: + species ID, no district",latlon3,18.817_74.46,10,1,353.7128086150371,0.997,164.76196826616766,196.87427230262622,167.01682073961794,145.22144724175382,157.499417842101
"A1: + species ID, no district",latlon3,18.835_74.415,17,1,402.4914759299873,0.001,607.6906515802057,742.8943208749677,633.5711751750202,576.1540886053874,594.3154566999741
"A1: + species ID, no district",latlon3,18.848_74.455,18,1,456.2167644035289,0.048,525.2235342704515,640.0629368734595,549.9515792017313,493.7382732895007,512.0503494987677
"A1: + species ID, no district",latlon3,18.849_74.454,19,1,781.1106833985062,0.003,1066.7228644951242,1290.7461744746267,1120.3752653100082,1009.1826942256959,1032.5969395797015
"A1: + species ID, no district",latlon3,18.849_74.455,37,1,1698.8705244904327,0.0,2590.945655727679,3183.745058923166,2715.5148042153364,2492.1132027248577,2546.996047138533
"A1: + species ID, no district",latlon3,18.873_74.425,66,3,1627.7403106383229,0.097,1573.0437391609526,1786.1419860650817,1699.1821328844806,1630.4086749448304,1428.9135888520655
"A1: + species ID, no district",latlon3,18.874_74.425,31,1,1131.6423077803815,0.995,792.9357697671113,885.8377670107051,825.5798386483083,780.5842752310643,708.6702136085642
"A1: + species ID, no district",latlon3,18.874_74.426,11,1,356.90227150554057,0.875,265.9949180385778,298.0715422260654,264.21258960158923,240.56490556884046,238.45723378085233
"A1: + species ID, no district",latlon3,18.896_75.281,11,2,3964.891800739626,0.223,4123.016383317975,4990.665072179814,4044.2442331689626,3533.7074821807896,3992.5320577438515
"A1: + species ID, no district",latlon3,18.905_74.432,10,1,171.464159058076,0.025,244.27365608091134,295.37632686824446,236.9528030013601,205.73495782619125,236.3010614945956
"A1: + species ID, no district",latlon3,18.907_74.432,31,1,2720.371438971539,0.27,2545.0954230205316,2957.5312938922475,2701.3529830237762,2518.2056828998375,2366.025035113798
"A1: + species ID, no district",latlon3,18.941_74.411,16,2,121.71120435500008,0.0,174.02843107788402,190.2068511397805,174.25610201743618,160.49147295428233,152.1654809118244
"A1: + species ID, no district",latlon3,20.127_79.995,10,3,10657.745183576137,0.713,7832.108728184134,9530.430319835961,7427.5277433295205,6424.996733724309,7624.344255868769
"A2: species + district, no age",block_year,Ahmednagar|Jamkhed|2010.0,17,2,9736.20860314518,0.946,5829.687971310597,7034.616893505052,5924.444481120874,5174.721945037169,5627.693514804042
"A2: species + district, no age",block_year,Ahmednagar|Jamkhed|2012.0,23,3,7491.686044412605,0.461,6416.819916653519,7692.786320838729,6882.905361890347,6363.852589540277,6154.2290566709835
"A2: species + district, no age",block_year,Ahmednagar|Jamkhed|2013.0,63,2,15470.023397674498,0.457,13050.427141713744,15856.552870778012,14622.744837664995,13729.638198066741,12685.242296622411
"A2: species + district, no age",block_year,Ahmednagar|Jamkhed|2016.0,108,3,12590.149666513857,0.472,10839.81797497433,12724.483794561715,12024.358210960105,11499.657156187435,10179.587035649372
"A2: species + district, no age",block_year,Ahmednagar|Jamkhed|2017.0,10,1,887.804691564982,0.566,752.5029764990996,879.7828923847659,746.1918690530969,664.4157058038178,703.8263139078127
"A2: species + district, no age",block_year,Ahmednagar|Jamkhed|2022.0,32,1,1027.2094561101003,0.264,983.4619062013762,1089.4440537908008,1022.3597578051591,967.8674693576712,871.5552430326406
"A2: species + district, no age",block_year,Ahmednagar|Karjat|2005.0,24,6,610.5318873769268,0.868,435.5742235378161,522.9888215169036,460.474629597079,421.345098032957,418.3910572135229
"A2: species + district, no age",block_year,Ahmednagar|Karjat|2008.0,60,2,2851.253759207521,0.229,2835.781316467173,3243.6772579425424,2879.2785582798233,2653.9007721817143,2594.9418063540343
"A2: species + district, no age",block_year,Ahmednagar|Karjat|2012.0,13,1,1942.5321714193865,0.02,2492.0434545000603,2974.512202291114,2558.848550533312,2260.1237307215774,2379.6097618328913
"A2: species + district, no age",block_year,Ahmednagar|Karjat|2013.0,38,2,11461.564405868081,0.047,11667.510352825027,13965.916883203232,12765.306081838451,11982.408418685882,11172.733506562587
"A2: species + district, no age",block_year,Ahmednagar|Karjat|2015.0,10,2,2661.2139102665915,0.454,2313.173380670989,2790.628524909351,2344.000224296753,2045.0711959268567,2232.502819927481
"A2: species + district, no age",block_year,Ahmednagar|Karjat|2016.0,21,2,1612.057747141881,0.884,1019.1775410679652,1187.677339549506,939.3934104905286,840.7630337597222,950.1418716396049
"A2: species + district, no age",block_year,Ahmednagar|Karjat|2017.0,86,1,4208.452484379969,0.0,4765.8773496401545,5290.561470824222,5080.963861599661,4917.781181854862,4232.449176659377
"A2: species + district, no age",block_year,Ahmednagar|Karjat|2019.0,187,13,7445.941437146914,0.833,5997.415790167548,6988.159682620585,6625.205906647594,6386.900440432804,5590.527746096468
"A2: species + district, no age",block_year,Ahmednagar|Karjat|2020.0,76,8,2479.785460291399,0.132,2430.611723168051,2791.745436753589,2578.715634360652,2446.872379143893,2233.3963494028712
"A2: species + district, no age",block_year,Ahmednagar|Parner|2019.0,36,2,2764.0537137182637,0.113,2737.5727607221793,3191.0600175040445,2937.338038788539,2750.524454377911,2552.8480140032357
"A2: species + district, no age",block_year,Ahmednagar|Parner|2020.0,185,3,6135.0794272653175,0.0,6552.150748811004,7670.888943302959,7207.970420783042,6959.842673974896,6136.711154642368
"A2: species + district, no age",block_year,Ahmednagar|Parner|2022.0,22,2,198.28112442032528,0.0,314.33891838349246,377.32974404090305,333.61336629898784,305.43307580094415,301.86379523272245
"A2: species + district, no age",block_year,Ahmednagar|Shrigonda|2019.0,21,3,2556.4231714762227,0.952,1703.855289989748,1989.7155209080263,1771.4396246531865,1626.2463697789335,1591.7724167264212
"A2: species + district, no age",block_year,Ahmednagar|Shrigonda|2020.0,56,3,2026.6755592869258,0.332,1785.5204838365867,2143.697327009899,1958.8841083100458,1843.6607287408078,1714.957861607919
"A2: species + district, no age",block_year,Ahmednagar|Shrigonda|2021.0,26,3,456.8644492757288,0.098,474.84701152565475,562.5767305888887,497.13791249133646,456.98346919682126,450.061384471111
"A2: species + district, no age",block_year,Ahmednagar|Shrigonda|2022.0,14,1,362.6048146980988,0.005,527.9483113681006,646.0998917367589,545.7404811535529,475.9778091025689,516.8799133894071
"A2: species + district, no age",block_year,Beed|Patoda|2010.0,13,2,4448.469198703821,0.077,5276.900669995484,6360.902519165293,5201.285769068818,4561.9261338211445,5088.722015332234
"A2: species + district, no age",block_year,Pune|Shirur|2012.0,24,3,9318.730498149585,0.029,11950.019924983237,14109.97334191347,11676.72552216067,10540.368341810743,11287.978673530777
"A2: species + district, no age",block_year,Pune|Shirur|2019.0,11,1,3001.496509919462,0.061,3576.0447695213506,4343.765860900765,3663.2817290009243,3179.9571910836216,3475.012688720612
"A2: species + district, no age",block_year,Pune|Shirur|2020.0,32,3,1277.0745626529317,0.001,1704.6831824786916,2032.9759398924493,1828.9776534251057,1689.3490050653713,1626.3807519139596
"A2: species + district, no age",latlon3,18.531_75.189,35,1,854.0102661760342,0.0,1434.2870505391897,1593.8934450018894,1500.6142779599707,1423.0604882079833,1275.1147560015115
"A2: species + district, no age",latlon3,18.562_75.134,23,2,7563.201455264487,0.219,7201.227632962158,8595.359388081451,7667.8059435784835,7058.768904295019,6876.287510465161
"A2: species + district, no age",latlon3,18.563_74.986,23,1,365.8105216278953,0.126,366.24797458069366,441.5623444401014,394.8178135460404,357.26133219968705,353.24987555208116
"A2: species + district, no age",latlon3,18.571_75.284,20,3,3607.788974194035,0.371,3284.258202684693,3899.73288855329,3389.549270359663,3107.552858750411,3119.7863108426322
"A2: species + district, no age",latlon3,18.571_75.285,12,2,929.6035753667696,0.451,872.1594703231302,1014.7459755647901,806.2000196811161,705.3818832703562,811.7967804518321
"A2: species + district, no age",latlon3,18.572_75.285,11,1,343.1617763569914,0.785,277.8162900948296,307.74769132699856,275.13309977141444,251.18728244275968,246.19815306159887
"A2: species + district, no age",latlon3,18.633_75.103,14,1,1158.1959891724655,0.572,1031.3657911014259,1143.5082169855427,1044.317521927098,956.7973509591201,914.8065735884343
"A2: species + district, no age",latlon3,18.634_75.103,22,1,1865.7676021577174,0.62,1642.4613977087085,1821.9921415185029,1690.0544021964486,1578.1467049001112,1457.5937132148024
"A2: species + district, no age",latlon3,18.634_75.106,20,1,463.7354853540512,0.909,360.16511356622755,400.5029062096238,366.5946294828877,341.6097799015599,320.4023249676991
"A2: species + district, no age",latlon3,18.638_75.019,21,1,578.8458021028283,0.395,538.7999215088954,599.0118714029204,550.7190128071195,516.7833487864817,479.20949712233636
"A2: species + district, no age",latlon3,18.639_75.019,50,1,1340.239149084062,0.08,1339.7245033659979,1494.3025956424071,1412.4158561237602,1354.3574543753064,1195.4420765139257
"A2: species + district, no age",latlon3,18.693_74.925,20,2,1468.5667564120688,0.49,1295.6107939884305,1515.8609074558753,1312.3263223756903,1200.6846009632636,1212.6887259647003
"A2: species + district, no age",latlon3,18.694_74.926,10,1,121.73649362955447,0.005,164.35832183374737,181.5801631338694,160.29469340235653,146.3302189218072,145.26413050709553
"A2: species + district, no age",latlon3,18.739_74.105,23,3,9133.133267414136,0.03,11777.1771050765,13920.750385817262,11465.51874310191,10368.680822088,11136.600308653811
"A2: species + district, no age",latlon3,18.746_74.965,48,9,1423.7967731077797,0.537,1222.0550804251116,1420.211342641272,1321.4696836088422,1254.4326717032036,1136.1690741130176
"A2: species + district, no age",latlon3,18.746_74.966,36,6,1204.058200776789,0.331,1096.6439782314399,1279.0561968197687,1163.2132685085069,1088.2310211178692,1023.244957455815
"A2: species + district, no age",latlon3,18.747_74.965,31,9,1284.736502811729,0.274,1219.8581665590157,1377.752128860046,1276.2326018545305,1196.2453635504476,1102.2017030880368
"A2: species + district, no age",latlon3,18.747_74.966,22,5,427.3330666282524,0.219,417.1842481574676,493.40287603822674,436.32158017589757,393.797736118755,394.7223008305814
"A2: species + district, no age",latlon3,18.753_75.294,12,1,1862.4487977149363,0.29,1790.006907617894,2187.1357136887545,1824.1339023268054,1590.833910723683,1749.7085709510038
"A2: species + district, no age",latlon3,18.753_75.296,10,1,2677.8358911871205,0.659,2043.5587444768178,2477.714837809584,2006.0298329650811,1738.6061405788478,1982.1718702476674
"A2: species + district, no age",latlon3,18.753_75.297,22,2,6047.174795640479,0.598,4886.152110707537,5888.378906766269,5158.088861985796,4623.416161761102,4710.703125413015
"A2: species + district, no age",latlon3,18.758_75.307,42,1,3546.346508990808,0.682,2928.561561885717,3399.2069238004656,3131.1813590364372,2951.6741939688563,2719.365539040373
"A2: species + district, no age",latlon3,18.758_75.308,42,1,3651.72500976266,0.225,3416.2613522026554,3959.787525299755,3683.431332864754,3455.7359723857526,3167.830020239804
"A2: species + district, no age",latlon3,18.758_75.309,11,1,998.2761042504515,0.597,824.5423570945278,967.7179778220735,808.735960181897,716.4242092792265,774.1743822576589
"A2: species + district, no age",latlon3,18.773_74.446,13,1,307.23996663442676,0.241,305.3736789758207,366.4421458404636,308.3220870592502,278.5042112254805,293.1537166723709
"A2: species + district, no age",latlon3,18.78_74.074,14,1,865.8364013933144,0.121,940.1944362029712,1121.3069718583201,966.8084734707679,853.0623584048385,897.0455774866562
"A2: species + district, no age",latlon3,18.817_74.46,10,1,353.7128086150371,0.998,164.7735428592862,196.63370506656796,166.0310770250234,144.84153662781395,157.30696405325438
"A2: species + district, no age",latlon3,18.835_74.415,17,1,402.4914759299873,0.0,607.715642562456,738.8921079831252,637.7188470453415,563.8825790008054,591.1136863865003
"A2: species + district, no age",latlon3,18.848_74.455,18,1,456.2167644035289,0.072,499.11510184029686,599.781083835773,518.5523329344252,467.92484601912224,479.8248670686184
"A2: species + district, no age",latlon3,18.849_74.454,19,1,781.1106833985062,0.005,1001.5393543834,1199.1048006228082,1047.3921210709598,942.4052733678939,959.2838404982466
"A2: species + district, no age",latlon3,18.849_74.455,37,1,1698.8705244904327,0.0,2374.7435392323255,2888.7168022988244,2494.152842222711,2292.7887874276225,2310.9734418390594
"A2: species + district, no age",latlon3,18.873_74.425,66,3,1627.7403106383229,0.131,1562.3846023274175,1761.3682207283202,1678.814691349397,1608.1055042650275,1409.0945765826564
"A2: species + district, no age",latlon3,18.874_74.425,31,1,1131.6423077803815,0.998,799.6948847437463,887.89688758116,830.0349478404943,783.0942881377505,710.317510064928
"A2: species + district, no age",latlon3,18.874_74.426,11,1,356.90227150554057,0.88,267.8025640266738,298.8592722055146,265.6481825407295,242.7296561713297,239.08741776441173
"A2: species + district, no age",latlon3,18.896_75.281,11,2,3964.891800739626,0.12,4572.143716131504,5507.538259121858,4460.832155365682,3894.558655887282,4406.030607297486
"A2: species + district, no age",latlon3,18.905_74.432,10,1,171.464159058076,0.036,232.598164123616,278.2192715720348,225.86222992016272,198.24726996937193,222.57541725762786
"A2: species + district, no age",latlon3,18.907_74.432,31,1,2720.371438971539,0.255,2544.9962341678943,2964.0440363333323,2712.4784587287886,2529.020052490276,2371.235229066666
"A2: species + district, no age",latlon3,18.941_74.411,16,2,121.71120435500008,0.0,174.1020013378003,189.55274183728812,173.96852854591296,161.49655012330453,151.64219346983052
"A2: species + district, no age",latlon3,20.127_79.995,10,3,10657.745183576137,0.796,7164.888623467143,8707.70565253976,6918.246604431738,5984.574212001152,6966.164522031809
v3: + field age (full model),block_year,Ahmednagar|Jamkhed|2010.0,17,2,9736.20860314518,0.803,7199.745870091629,8480.014267916575,7304.2626573378875,6542.852590376029,6784.01141433326
v3: + field age (full model),block_year,Ahmednagar|Jamkhed|2012.0,23,3,7491.686044412605,0.363,6657.867881017796,8018.5596003671535,7143.505437371034,6570.769171809925,6414.847680293723
v3: + field age (full model),block_year,Ahmednagar|Jamkhed|2013.0,63,2,15470.023397674498,0.173,14852.654910805315,16735.1410420516,15764.112273667155,14993.002011387,13388.11283364128
v3: + field age (full model),block_year,Ahmednagar|Jamkhed|2016.0,108,3,12590.149666513857,0.49,10818.630825651604,12652.27750908693,11968.137934346609,11481.540267530192,10121.822007269546
v3: + field age (full model),block_year,Ahmednagar|Jamkhed|2017.0,10,1,887.804691564982,0.562,754.5282289776027,881.1701092517617,747.4842549299509,664.7863118519759,704.9360874014094
v3: + field age (full model),block_year,Ahmednagar|Jamkhed|2022.0,32,1,1027.2094561101003,0.322,971.310279308444,1074.8220243470962,1009.5731998983143,956.1031444878814,859.857619477677
v3: + field age (full model),block_year,Ahmednagar|Karjat|2005.0,24,6,610.5318873769268,0.02,705.7966940470174,856.0658551877367,746.1458776905738,678.0881221336443,684.8526841501894
v3: + field age (full model),block_year,Ahmednagar|Karjat|2008.0,60,2,2851.253759207521,0.204,2866.1476309313693,3280.4333040712654,2905.581576504041,2688.192853675861,2624.3466432570126
v3: + field age (full model),block_year,Ahmednagar|Karjat|2012.0,13,1,1942.5321714193865,0.019,2514.54329053126,3002.8409240429214,2573.7351394707,2285.920052350229,2402.272739234337
v3: + field age (full model),block_year,Ahmednagar|Karjat|2013.0,38,2,11461.564405868081,0.047,11698.628790202521,14029.684223596954,12893.57192385362,12054.318072308524,11223.747378877564
v3: + field age (full model),block_year,Ahmednagar|Karjat|2015.0,10,2,2661.2139102665915,0.544,2247.202240857332,2665.6489272569283,2268.952927617035,1989.2904653793244,2132.519141805543
v3: + field age (full model),block_year,Ahmednagar|Karjat|2016.0,21,2,1612.057747141881,0.975,918.0986187051942,1040.8121252850462,875.6160129713531,793.8719351659641,832.6497002280371
v3: + field age (full model),block_year,Ahmednagar|Karjat|2017.0,86,1,4208.452484379969,0.0,4626.0934207158125,5132.335102381943,4928.551726433994,4759.305491308607,4105.868081905554
v3: + field age (full model),block_year,Ahmednagar|Karjat|2019.0,187,13,7445.941437146914,0.913,5816.575003154728,6746.632914400099,6435.22271741813,6173.623146510818,5397.30633152008
v3: + field age (full model),block_year,Ahmednagar|Karjat|2020.0,76,8,2479.785460291399,0.722,2122.732744023813,2374.9291324654355,2248.9816640771473,2154.815961785954,1899.9433059723485
v3: + field age (full model),block_year,Ahmednagar|Parner|2019.0,36,2,2764.0537137182637,0.127,2713.5157039241944,3159.3291937978406,2915.5875246719315,2711.8722884729914,2527.4633550382728
v3: + field age (full model),block_year,Ahmednagar|Parner|2020.0,185,3,6135.0794272653175,0.09,5767.830267464885,6584.813258482586,6327.955136281155,6158.646335707154,5267.850606786069
v3: + field age (full model),block_year,Ahmednagar|Parner|2022.0,22,2,198.28112442032528,0.094,207.13808504784365,240.63670944506103,216.3779918148343,199.10303734270835,192.50936755604883
v3: + field age (full model),block_year,Ahmednagar|Shrigonda|2019.0,21,3,2556.4231714762227,0.957,1688.9234610058045,1972.1021574739325,1747.0961286503223,1612.8853446129494,1577.681725979146
v3: + field age (full model),block_year,Ahmednagar|Shrigonda|2020.0,56,3,2026.6755592869258,0.654,1651.0425226756233,1956.0237437647181,1796.5347606994067,1683.362530364042,1564.8189950117746
v3: + field age (full model),block_year,Ahmednagar|Shrigonda|2021.0,26,3,456.8644492757288,0.81,371.8156072202889,416.7281640717066,383.8321740473115,359.3534498566703,333.3825312573653
v3: + field age (full model),block_year,Ahmednagar|Shrigonda|2022.0,14,1,362.6048146980988,0.701,297.0221918969558,337.1636925144674,297.4339630464798,268.2189169195199,269.73095401157394
v3: + field age (full model),block_year,Beed|Patoda|2010.0,13,2,4448.469198703821,0.113,4905.128725217355,5712.6104891733,4895.698988101306,4372.9149272498325,4570.088391338641
v3: + field age (full model),block_year,Pune|Shirur|2012.0,24,3,9318.730498149585,0.042,11138.023930979614,12781.33944727962,11000.76884191126,9973.9177444242,10225.071557823698
v3: + field age (full model),block_year,Pune|Shirur|2019.0,11,1,3001.496509919462,0.406,2778.973866396731,3152.9074130395957,2788.0757734416293,2509.7651127542313,2522.3259304316766
v3: + field age (full model),block_year,Pune|Shirur|2020.0,32,3,1277.0745626529317,0.001,1561.3235309293577,1819.19228914687,1652.9687647821233,1535.2521879196122,1455.353831317496
v3: + field age (full model),latlon3,18.531_75.189,35,1,854.0102661760342,0.0,1423.5916365775738,1579.7267621061235,1486.4398930259704,1416.6393076532386,1263.7814096848988
v3: + field age (full model),latlon3,18.562_75.134,23,2,7563.201455264487,0.208,7196.614245744735,8614.828354959349,7710.398589245278,7047.913166694419,6891.86268396748
v3: + field age (full model),latlon3,18.563_74.986,23,1,365.8105216278953,0.114,367.02470412630964,444.38760156019816,394.97234685080974,361.01012370160066,355.51008124815854
v3: + field age (full model),latlon3,18.571_75.284,20,3,3607.788974194035,0.431,3204.0491086892575,3789.9680422143683,3308.1178824960007,3017.390250443708,3031.9744337714947
v3: + field age (full model),latlon3,18.571_75.285,12,2,929.6035753667696,0.469,866.5168892740008,1005.2243975546614,797.3474397192596,693.6020789149464,804.1795180437292
v3: + field age (full model),latlon3,18.572_75.285,11,1,343.1617763569914,0.802,275.08951650316743,305.0703221851322,273.7931288028099,248.65276494821168,244.0562577481058
v3: + field age (full model),latlon3,18.633_75.103,14,1,1158.1959891724655,0.698,986.7207918787121,1093.4152708292675,999.3881882479305,918.7838794704671,874.732216663414
v3: + field age (full model),latlon3,18.634_75.103,22,1,1865.7676021577174,0.776,1568.4829553785871,1738.9300608900528,1612.8934016355336,1503.3430478755647,1391.1440487120424
v3: + field age (full model),latlon3,18.634_75.106,20,1,463.7354853540512,0.895,363.6289389065334,403.2597551056969,369.02372259252536,345.2470660342429,322.60780408455753
v3: + field age (full model),latlon3,18.638_75.019,21,1,578.8458021028283,0.356,547.0477604564703,606.906817679221,558.3603265953654,523.122778135459,485.52545414337686
v3: + field age (full model),latlon3,18.639_75.019,50,1,1340.239149084062,0.061,1355.1574174092586,1510.0937296068491,1431.5498112188147,1369.0549344846038,1208.0749836854793
v3: + field age (full model),latlon3,18.693_74.925,20,2,1468.5667564120688,0.96,1055.4676823014006,1182.212755037564,1076.03821221288,989.7564159877825,945.7702040300512
v3: + field age (full model),latlon3,18.694_74.926,10,1,121.73649362955447,0.01,164.55253496449384,181.39523117349842,160.22514981299742,145.69291454918465,145.11618493879874
v3: + field age (full model),latlon3,18.739_74.105,23,3,9133.133267414136,0.042,10943.343669763715,12567.645073749225,10787.246990523865,9782.11052983644,10054.116058999381
v3: + field age (full model),latlon3,18.746_74.965,48,9,1423.7967731077797,0.407,1269.6853815876607,1482.399741443755,1353.356284152487,1280.6959557062569,1185.919793155004
v3: + field age (full model),latlon3,18.746_74.966,36,6,1204.058200776789,0.371,1087.1871965868938,1264.509353613953,1157.8154091076808,1073.1998701338448,1011.6074828911624
v3: + field age (full model),latlon3,18.747_74.965,31,9,1284.736502811729,0.489,1157.906916566164,1297.445833037817,1198.6751729606688,1125.662378636071,1037.9566664302536
v3: + field age (full model),latlon3,18.747_74.966,22,5,427.3330666282524,0.025,486.49924581130784,574.0881479252023,508.766877023339,467.88063063036276,459.27051834016186
v3: + field age (full model),latlon3,18.753_75.294,12,1,1862.4487977149363,0.053,2176.7252506266664,2469.058375474898,2170.584075196863,1968.5862634669804,1975.2467003799186
v3: + field age (full model),latlon3,18.753_75.296,10,1,2677.8358911871205,0.587,2310.05581599613,2604.256173458985,2252.7030516516284,2039.3840015508367,2083.404938767188
v3: + field age (full model),latlon3,18.753_75.297,22,2,6047.174795640479,0.461,5491.622162057993,6160.536881307473,5601.134081767471,5189.134914570532,4928.429505045979
v3: + field age (full model),latlon3,18.758_75.307,42,1,3546.346508990808,0.651,2957.26337660115,3415.0144875489787,3153.382289680935,2970.4563562283643,2732.011590039183
v3: + field age (full model),latlon3,18.758_75.308,42,1,3651.72500976266,0.213,3440.202784491692,3975.150033736214,3698.8270529695956,3480.644703991469,3180.1200269889714
v3: + field age (full model),latlon3,18.758_75.309,11,1,998.2761042504515,0.599,827.2923149231601,969.2153889194959,813.2121672745459,719.0965706427583,775.3723111355968
v3: + field age (full model),latlon3,18.773_74.446,13,1,307.23996663442676,0.519,266.4281380164707,309.5143189418078,267.8619178926962,246.19155377416016,247.61145515344626
v3: + field age (full model),latlon3,18.78_74.074,14,1,865.8364013933144,0.244,856.6529810569384,990.2869424676812,870.0875560806242,783.7870395791647,792.229553974145
v3: + field age (full model),latlon3,18.817_74.46,10,1,353.7128086150371,0.998,163.9410968658478,196.0878039086985,166.28016316639724,144.59248150562428,156.87024312695883
v3: + field age (full model),latlon3,18.835_74.415,17,1,402.4914759299873,0.378,377.338016851624,426.1806091033948,381.0297897087166,352.99907316984036,340.94448728271584
v3: + field age (full model),latlon3,18.848_74.455,18,1,456.2167644035289,0.084,490.25737609135786,570.1947658068308,505.24584543429376,463.7361947306908,456.15581264546466
v3: + field age (full model),latlon3,18.849_74.454,19,1,781.1106833985062,0.087,829.9973828128863,963.4833144777988,861.987750727768,792.3683377732535,770.7866515822391
v3: + field age (full model),latlon3,18.849_74.455,37,1,1698.8705244904327,0.052,1767.0869537408203,2072.8626358010915,1883.1137699207354,1766.8923844246367,1658.2901086408733
v3: + field age (full model),latlon3,18.873_74.425,66,3,1627.7403106383229,0.55,1450.6561946966451,1618.7015545893507,1541.3436786200475,1482.1967561335857,1294.9612436714806
v3: + field age (full model),latlon3,18.874_74.425,31,1,1131.6423077803815,0.996,800.7116509146686,887.4088947741159,827.8640507233663,782.1703567072126,709.9271158192928
v3: + field age (full model),latlon3,18.874_74.426,11,1,356.90227150554057,0.886,267.9181813975044,298.5899304135568,266.23730905125274,244.10276788000226,238.87194433084542
v3: + field age (full model),latlon3,18.896_75.281,11,2,3964.891800739626,0.146,4274.141406871606,4983.0147554915475,4271.84730066393,3775.3016194128763,3986.411804393238
v3: + field age (full model),latlon3,18.905_74.432,10,1,171.464159058076,0.088,199.17773833010799,230.44213658903462,196.18607060400632,172.88621757693593,184.3537092712277
v3: + field age (full model),latlon3,18.907_74.432,31,1,2720.371438971539,0.291,2522.929567959056,2932.59942824099,2683.475790071505,2508.051306111564,2346.079542592792
v3: + field age (full model),latlon3,18.941_74.411,16,2,121.71120435500008,0.0,175.17081187432626,190.49211581225285,174.1890646727252,161.90127348619112,152.3936926498023
v3: + field age (full model),latlon3,20.127_79.995,10,3,10657.745183576137,0.925,6194.37826398606,7482.494045004569,6040.5158812274385,5211.936189544002,5985.995236003655
