model,grouping,policy,n_plots,overclaim_rate_pct,overclaim_ci95,median_rel_err_pct,mean_abs_rel_err_pct,aggregate_err_pct,overclaimed_pct,left_on_table_pct,pit_in_central50_pct,pit_in_central80_pct
"GPR (TC, TH)",block_year,point,26,30.76923076923077,17-50,-9.896469680963426,18.60445186106946,-11.214709467461814,2.4526035175515424,13.667312985013357,,
"GPR (TC, TH)",block_year,mean,26,65.38461538461539,46-81,7.28173607879935,20.750355601321203,5.881604690193523,10.769245903931395,4.8876412137378615,,
"GPR (TC, TH)",block_year,p25,26,46.15384615384615,29-65,-3.92535054875807,19.183659919169628,-3.860755886880166,5.661033290776131,9.5217891776563,,
"GPR (TC, TH)",block_year,p10,26,30.76923076923077,17-50,-9.505185170130133,19.882501808892357,-10.51888070037922,3.19872251732759,13.717603217706799,,
"GPR (TC, TH)",block_year,rule80,26,23.076923076923077,11-42,-14.174611136960518,19.85251788088861,-15.294716247845185,1.3808663841914037,16.675582632036573,,
"GPR (TC, TH)",block_year,PIT,26,,,,,,,,34.61538461538461,53.84615384615385
"GPR (TC, TH)",latlon3,point,39,33.333333333333336,21-49,-8.181379335868352,19.58142183957731,-9.366155840789713,2.9505783357441384,12.316734176533842,,
"GPR (TC, TH)",latlon3,mean,39,76.92307692307692,62-87,11.686390337064852,24.64985626596709,8.622179192253107,10.932328476309126,2.3101492840560147,,
"GPR (TC, TH)",latlon3,p25,39,46.15384615384615,32-61,-5.9756319521805885,20.349339246229423,-5.098487841919046,4.538832935259144,9.63732077717819,,
"GPR (TC, TH)",latlon3,p10,39,35.8974358974359,23-52,-14.584383064471941,20.88749735495379,-13.824806714141264,2.572919736377762,16.397726450519023,,
"GPR (TC, TH)",latlon3,rule80,39,28.205128205128204,17-44,-10.650887730348108,20.182116593869587,-13.1022566461975,2.2153378860013286,15.317594532198834,,
"GPR (TC, TH)",latlon3,PIT,39,,,,,,,,41.02564102564102,58.97435897435898
A0: drone + district (species pooled),block_year,point,26,38.46153846153846,22-57,-1.6862086526803828,20.337703256097086,-7.817815757823309,5.258726800742434,13.076542558565736,,
A0: drone + district (species pooled),block_year,mean,26,61.53846153846154,43-78,17.479530050093828,26.62930490512346,10.402412294221785,16.62330265670527,6.220890362483472,,
A0: drone + district (species pooled),block_year,p25,26,53.84615384615385,35-71,3.9956658876767204,22.704895594417643,-0.8510135928931717,9.466123450236918,10.31713704313008,,
A0: drone + district (species pooled),block_year,p10,26,42.30769230769231,26-61,-6.054575161380077,21.623323235773533,-8.36773295288931,5.347993596952903,13.715726549842202,,
A0: drone + district (species pooled),block_year,rule80,26,30.76923076923077,17-50,-6.016375959924931,20.659220799849784,-11.678070164622554,3.981273879783911,15.659344044406469,,
A0: drone + district (species pooled),block_year,PIT,26,,,,,,,,19.230769230769234,46.15384615384615
A0: drone + district (species pooled),latlon3,point,39,43.58974358974359,29-59,-2.5859868664735943,24.050749351065143,-8.016692617932032,7.1944074892487215,15.211100107180746,,
A0: drone + district (species pooled),latlon3,mean,39,71.7948717948718,56-83,16.242156396026356,32.2590898299117,10.059759702448368,18.047509859200336,7.987750156751958,,
A0: drone + district (species pooled),latlon3,p25,39,53.84615384615385,39-68,3.4852324284415843,25.662781092921698,-4.209265109448026,9.377006516230104,13.586271625678107,,
A0: drone + district (species pooled),latlon3,p10,39,43.58974358974359,29-59,-5.376657736966882,24.14601518902875,-13.26482364421626,4.829429410522565,18.094253054738815,,
A0: drone + district (species pooled),latlon3,rule80,39,41.02564102564103,27-57,-7.006274883178905,23.66962779173905,-11.952192238041286,5.5592805300735355,17.511472768114825,,
A0: drone + district (species pooled),latlon3,PIT,39,,,,,,,,25.64102564102564,46.15384615384615
"A1: + species ID, no district",block_year,point,26,38.46153846153846,22-57,-2.5712496486424365,16.26421012387504,-7.4638141192493155,2.8494839959376597,10.313298115186972,,
"A1: + species ID, no district",block_year,mean,26,76.92307692307692,58-89,11.990544058166991,22.94543635334241,9.75729176468757,13.07834922384138,3.3210574591537942,,
"A1: + species ID, no district",block_year,p25,26,57.69230769230769,39-74,0.5123932442125753,17.071499684190538,-1.3615262705541653,5.189011550221404,6.550537820775557,,
"A1: + species ID, no district",block_year,p10,26,30.76923076923077,17-50,-6.602020137855164,17.406075524857915,-8.662198979920255,2.7493476984944794,11.411546678414739,,
"A1: + species ID, no district",block_year,rule80,26,19.23076923076923,9-38,-10.407564753466401,17.75926480841393,-12.194166588249928,1.1503195161627922,13.344486104412717,,
"A1: + species ID, no district",block_year,PIT,26,,,,,,,,23.076923076923077,61.53846153846154
"A1: + species ID, no district",latlon3,point,39,30.76923076923077,19-46,-5.795544532128351,18.628073590515164,-6.164280658716964,3.696645301009336,9.860925959726304,,
"A1: + species ID, no district",latlon3,mean,39,71.7948717948718,56-83,7.5340133628871016,23.17908280389632,11.016795123460529,13.439232827572592,2.4224377041120446,,
"A1: + species ID, no district",latlon3,p25,39,43.58974358974359,29-59,-2.356019023111715,18.47848261975639,-3.963418962188503,4.385479441197669,8.34889840338617,,
"A1: + species ID, no district",latlon3,p10,39,25.641025641025642,15-41,-10.875058897657727,20.196339682571445,-12.766572991193827,2.4627817831457994,15.229354774339638,,
"A1: + species ID, no district",latlon3,rule80,39,28.205128205128204,17-44,-13.972789309690311,20.969527252929296,-11.186563901231551,2.531054079990748,13.717617981222306,,
"A1: + species ID, no district",latlon3,PIT,39,,,,,,,,43.58974358974359,66.66666666666666
"A2: species + district, no age",block_year,point,26,42.30769230769231,26-61,-1.4705156116745535,19.534338437801864,-5.727941984506988,5.643446955978629,11.371388940485618,,
"A2: species + district, no age",block_year,mean,26,76.92307692307692,58-89,13.171655258876044,26.078025709915703,11.685010243047818,15.37649550678673,3.6914852637389117,,
"A2: species + district, no age",block_year,p25,26,53.84615384615385,35-71,2.4861794677734608,20.17686284783264,0.04818014742407628,7.693248303329307,7.6450681559052125,,
"A2: species + district, no age",block_year,p10,26,42.30769230769231,26-61,-3.5521322893614404,18.212752403663234,-7.195638647374316,3.928809078255708,11.124447725630041,,
"A2: species + district, no age",block_year,rule80,26,34.61538461538461,19-54,-9.462675792899153,20.263893848161352,-10.651991805561737,3.610510222824482,14.262502028386223,,
"A2: species + district, no age",block_year,PIT,26,,,,,,,,26.923076923076923,50.0
"A2: species + district, no age",latlon3,point,39,30.76923076923077,19-46,-6.179419546764886,18.874537854939145,-4.956901133818613,6.630046834895221,11.586947968713817,,
"A2: species + district, no age",latlon3,mean,39,66.66666666666667,51-79,8.436081980803836,23.587344829612338,12.162021193228677,16.117198128534405,3.9551769353057105,,
"A2: species + district, no age",latlon3,p25,39,46.15384615384615,32-61,-0.6619179060131942,18.595100412149815,-2.9100383823481506,6.848983794970558,9.759022177318721,,
"A2: species + district, no age",latlon3,p10,39,25.641025641025642,15-41,-9.35287024136995,19.390998195150853,-11.732582949497496,3.6138958388084026,15.3464787883059,,
"A2: species + district, no age",latlon3,rule80,39,28.205128205128204,17-44,-13.251134415356931,20.98103241803724,-10.270383045417038,5.098327515171603,15.368710560588644,,
"A2: species + district, no age",latlon3,PIT,39,,,,,,,,38.46153846153847,66.66666666666666
v3: + field age (full model),block_year,point,26,34.61538461538461,19-54,-6.699888544574394,14.963862745828779,-6.234340688853047,3.3958097549152724,9.6301504437683,,
v3: + field age (full model),block_year,mean,26,65.38461538461539,46-81,6.038645243812648,16.754994815770523,8.765306401181466,11.685430131106719,2.920123729925238,,
v3: + field age (full model),block_year,p25,26,46.15384615384615,29-65,-3.1822347452375954,14.72633242887674,-1.0314557620602076,5.333762380686591,6.365218142746791,,
v3: + field age (full model),block_year,p10,26,30.76923076923077,17-50,-7.863825393558386,15.276026687664297,-7.694513866838619,2.1668036014298897,9.861317468268508,,
v3: + field age (full model),block_year,rule80,26,19.23076923076923,9-38,-15.169083804949878,17.83755950332758,-12.987754879054808,1.5130134595103606,14.500768338565171,,
v3: + field age (full model),block_year,PIT,26,,,,,,,,34.61538461538461,57.692307692307686
v3: + field age (full model),latlon3,point,39,33.333333333333336,21-49,-7.257901188932049,16.650611020888846,-8.11984892352496,4.270362386844347,12.390211310369278,,
v3: + field age (full model),latlon3,mean,39,66.66666666666667,51-79,5.049604323407845,18.446340435136083,6.177610449254655,11.850171152330438,5.672560703075778,,
v3: + field age (full model),latlon3,p25,39,41.02564102564103,27-57,-4.947369616630003,16.347498253051526,-6.015063280870305,4.751901644631062,10.766964925501378,,
v3: + field age (full model),latlon3,p10,39,28.205128205128204,17-44,-10.050649088715856,17.752310403656324,-13.96732045179722,1.9602282807237807,15.927548732521013,,
v3: + field age (full model),latlon3,rule80,39,20.512820512820515,11-36,-15.960316541273725,18.917332532024073,-15.057911640596272,1.9914070701170286,17.049318710713298,,
v3: + field age (full model),latlon3,PIT,39,,,,,,,,38.46153846153847,61.53846153846154
